<?xml version="1.0" encoding="UTF-8"?>
<metadata xml:lang="en"><Esri><CreaDate>20190412</CreaDate><CreaTime>12205700</CreaTime><ArcGISFormat>1.0</ArcGISFormat><SyncOnce>TRUE</SyncOnce><DataProperties><itemProps><itemLocation><linkage Sync="TRUE">file://\\SPATIAL-ARI-PC\E\FAME_1.0\FAMEPreProcessing\commondata\referenceshapefiles\LF_DISTRICT</linkage><protocol Sync="TRUE">Local Area Network</protocol></itemLocation></itemProps><copyHistory><copy source="C:\Users\Spatial-ARI\Documents\ArcGIS\Packages\fame1.0preparcgistool_8D134783-0AE5-45CF-9478-2C5D6C8A19A8\commondata\referenceshapefiles\LF_DISTRICT" dest="\\SPATIAL-ARI-PC\E\FAME_1.0\FAMEPreProcessing\commondata\referenceshapefiles\LF_DISTRICT" date="20190412" time="12205700"></copy></copyHistory></DataProperties></Esri></metadata>
